Group,Product,Company,Active ingredients,Roundworm,Lungworm,Eyeworm,Tapeworm,Liver Fluke - Adult,Liver Fluke - Immature,Mites,Warbles,Lice,Hornflies,Flies,Route of administration,Trace elements,Withdrawal period (days),Milk Withhold
1-BZ White,Albacert 2.5% SC,Downland,Albendazole,Yes,Yes,No,Yes,Yes,No,No,No,No,No,,Oral drench,"Co, Se",14 days,60 hours
1-BZ White,Albenil 2.5% oral,Virbac,Albendazole,Yes,Yes,No,Yes,Yes,No,No,No,No,No,,Oral drench,"Co, Se",14 days,60 hours
1-BZ White,Albex 10% oral,Chanelle AH,Albendazole,Yes,Yes,No,Yes,Yes,No,No,No,No,No,,Oral drench,,14 days,60 hours
1-BZ White,Albex 2.5% SC oral,Chanelle AH,Albendazole,Yes,Yes,No,Yes,Yes,No,No,No,No,No,,Oral drench,"Co, Se",14 days,60 hours
1-BZ White,Autoworm Finisher,Zoetis,Oxfendazole,Yes,Yes,No,Yes,No,No,No,No,No,No,,Pulse release bolus,,6 months,X
1-BZ White,Autoworm First Grazer,Zoetis,Oxfendazole,Yes,Yes,No,Yes,No,No,No,No,No,No,,Pulse release bolus,,8 months,X
1-BZ White,Bovex 2.265%,Chanelle AH,Oxfendazole,Yes,Yes,No,Yes,No,No,No,No,No,No,,Oral drench,,19 days,84 hours
1-BZ White,Endospec 2.5% SC,Bimeda,Albendazole,Yes,Yes,No,Yes,Yes,No,No,No,No,No,,Oral drench,"Co, Se",14 days,60 hours
1-BZ White,Endospec 10% SC,Bimeda,Albendazole,Yes,Yes,No,Yes,Yes,No,No,No,No,No,,Oral drench,"Co, Se",14 days,60 hours
1-BZ White,Ovidrench S & C 2.5% w/v oral,United Farmers,Albendazole,Yes,Yes,No,Yes Moniezia spp.,Yes,No,No,No,No,No,,Oral drench,"Co, Se",14 days,60 hours
1-BZ White,Ovidrench S & C 10% w/v oral,United Farmers,Albendazole,Yes,Yes,No,Yes Moniezia spp.,Yes,No,No,No,No,No,,Oral drench,"Co, Se",14 days,60 hours
1-BZ White,Panacur bolus,MSD AH,Fenbendazole,Yes,Yes,No,No,No,No,No,No,No,No,,Bolus,,200 days,X
1-BZ White,Panacur 10% oral,MSD AH,Fenbendazole,Yes,Yes,No,Yes,No,No,No,No,No,No,,Oral drench/in-feed,,12 days,5 days
1-BZ White,Tramazole 2.5% SC,Tulivin Labs,Albendazole,Yes,Yes,No,Yes,Yes,No,No,No,No,No,,Oral drench,"Co, Se",14 days,60 hours
1-BZ White,Tramazole 10% SC,Tulivin Labs,Albendazole,Yes,Yes,No,Yes,Yes,No,No,No,No,No,,Oral drench,"Co, Se",14 days,60 hours
1-BZ White,Zerofen 2.5%,Chanelle AH,Fenbendazole,Yes,Yes,No,No,No,No,No,No,No,No,,Oral drench,,14 days,132 hours
1-BZ White,Zerofen 10%,Chanelle AH,Fenbendazole,Yes,Yes,No,No,No,No,No,No,No,No,,Oral drench,,14 days,132 hours
2-LV Yellow,Chanaverm 7.5%,Chanelle AH,Levamisole,Yes,Yes,No,No,No,No,No,No,No,No,,Oral drench,,20 days,X
2-LV Yellow,Levacide 7.5%,Norbrook Labs,Levamisole,Yes,Yes,No,No,No,No,No,No,No,No,,Injection SC,,28 days,X
2-LV Yellow,Levacide low volume 7.5%,Norbrook Labs,Levamisole,Yes,Yes,No,No,No,No,No,No,No,No,,Oral drench,,14 days,X
2-LV Yellow,Levacide pour-on,Norbrook Labs,Levamisole,Yes,Yes,No,No,No,No,No,No,No,No,,Pour-on,,28 days,X
2-LV Yellow,Levacur SC 3%,MSD AH,Levamisole,Yes,Yes,No,No,No,No,No,No,No,No,,Oral drench,"Co, Se",20 days,X
3-ML Clear,Animec 1% injection,Chanelle AH,Ivermectin,Yes,Yes,No,No,No,No,Yes,Yes,Yes,No,,Injection SC,,49 days,60* days
3-ML Clear,Animec pour-on 0.5%,Chanelle AH,Ivermectin,Yes,Yes,Yes,No,No,No,Yes,Yes,Yes,No,,Pour-on,,28 days,60* days
3-ML Clear,Bimectin injection,Bimeda,Ivermectin,Yes,Yes,Yes,No,No,No,Yes,Yes,Yes,No,,Injection SC,,49 days,X
3-ML Clear,Bimectin pour-on for cattle,Bimeda,Ivermectin,Yes,Yes,No,No,No,No,Yes,Yes,Yes,Yes,,Pour-on,,31 days,X
3-ML Clear,Cydectin 0.5% pour-on for cattle,Zoetis,Moxidectin,Yes,Yes,No,No,No,No,Yes,Yes,Yes,Yes,,Pour-on,,14 days,6 days
3-ML Clear,Cydectin 10% LA for cattle,Zoetis,Moxidectin,Yes,Yes,No,No,No,No,Yes,Yes,Yes,No,,Ear injection,,108 days,80* days
3-ML Clear,Dectomax 10 mg/ml,Elanco AH,Doramectin,Yes,Yes,Yes,No,No,No,Yes,Yes,Yes,No,,Injection SC,,70 days,60* days
3-ML Clear,Dectomax pour-on,Elanco AH,Doramectin,Yes,Yes,Yes,No,No,No,Yes,Yes,Yes,Yes,,Pour-on,,35 days,60* days
3-ML Clear,Ecomectin 10 mg/ml,ECO AH,Ivermectin,Yes,Yes,Yes,No,No,No,Yes,Yes,Yes,No,,Injection SC,,49 days,60* days
3-ML Clear,Ecomectin 5 mg/ml pour-on,ECO AH,Ivermectin,Yes,Yes,No,No,No,No,Yes,Yes,Yes,Yes,,Pour-on,,31 days,60* days
3-ML Clear,Eprecis 20 mg/ml,Ceva AH,Eprinomectin,Yes,Yes,No,No,No,No,Yes,Yes,Yes,Yes,,Injection SC,,63 days,Zero
3-ML Clear,EpriMole pour on,Mole Valley,Eprinomectin,Yes,Yes,No,No,No,No,Yes,Yes,Yes,No,,Pour-on,,15 days,Zero
3-ML Clear,Eprinex pour-on,Boehringer Ingelheim,Eprinomectin,Yes,Yes,No,No,No,No,Yes,Yes,Yes,No,,Pour-on,,15 days,Zero
3-ML Clear,Eprinex multi 5mg/ml pour-on,Boehringer Ingelheim,Eprinomectin,Yes,Yes,No,No,No,No,Yes,Yes,Yes,Yes,,Pour-on,,15 days,Zero
3-ML Clear,Eprizero pour-on,Norbrook Labs,Eprinomectin,Yes,Yes,No,No,No,No,Yes,Yes,Yes,Yes,,Pour-on,,10 days,Zero
3-ML Clear,Epromec 5 mg/ml pour-on,Chanelle,Eprinomectin,Yes,Yes,No,No,No,No,Yes,Yes,Yes,Yes,,Pour-on,,15 days,Zero
3-ML Clear,Ivomec classic,Boehringer Ingelheim,Ivermectin,Yes,Yes,Yes,No,No,No,Yes,Yes,Yes,No,,Injection SC,,49 days,60* days
3-ML Clear,Ivomec classic pour-on for cattle,Boehringer Ingelheim,Ivermectin,Yes,Yes,Yes,No,No,No,Yes,Yes,Yes,Yes,,Pour-on,,15 days,60* days
3-ML Clear,Molemec injection for cattle,Mole Valley,Ivermectin,Yes,Yes,Yes,No,No,No,Yes,Yes,Yes,No,,Injection SC,,49 days,60* days
3-ML Clear,Molemec pour-on for cattle,Mole Valley,Ivermectin,Yes,Yes,Yes,No,No,No,Yes,Yes,Yes,Yes,,Pour-on,,15 days,60* days
3-ML Clear,Neoprinil 5 mg/ml pour-on solution for cattle,Virbac,Eprinomectin,Yes,Yes,No,No,No,No,Yes,Yes,Yes,Yes,,Pour-on,,15 days,Zero
3-ML Clear,Noromectin multi injection,Norbrook Labs,Ivermectin,Yes,Yes,Yes,No,No,No,Yes,Yes,Yes,No,,Injection SC,,49 days,60* days
3-ML Clear,Noromectin pour-on,Norbrook Labs,Ivermectin,Yes,Yes,Yes,No,No,No,Yes,Yes,Yes,No,,Pour-on,,28 days,60* days
3-ML Clear,Panomec injection,Boehringer Ingelheim,Ivermectin,Yes,Yes,Yes,No,No,No,Yes,Yes,Yes,No,,Injection SC,,49 days,60* days
3-ML Clear,Paramectin multi injection,Norbrook Labs,Ivermectin,Yes,Yes,Yes,No,No,No,Yes,Yes,Yes,No,,Injection SC,,49 days,60* days
3-ML Clear,Paramectin pour-on,Norbrook Labs,Ivermectin,Yes,Yes,Yes,No,No,No,Yes,Yes,Yes,No,,Pour-on,,28 days,60* days
3-ML Clear,Premadex pour-on,Downland,Ivermectin,Yes,Yes,Yes,No,No,No,Yes,Yes,Yes,No,,Pour-on,,28 days,60* days
3-ML Clear,Robonex pour-on,Downland,Eprinomectin,Yes,Yes,No,No,No,No,Yes,Yes,Yes,Yes,,Pour-on,,10 days,0 day
3-ML Clear,Virbamec injectable solution,Virbac,Ivermectin,Yes,Yes,Yes,No,No,No,Yes,Yes,Yes,No,,Injection SC,,49 days,60* days
3-ML Clear,Virbamec pour-on,Virbac,Ivermectin,Yes,Yes,No,No,No,No,Yes,Yes,Yes,Yes,,Pour-on,,28 days,60* days
3-ML Clear,Zermex 0.5% pour-on for cattle,Downland,Moxidectin,Yes,Yes,No,No,No,No,Yes,Yes,Yes,Yes,,Pour-on,,14 days,6 days
3-ML Clear,Zermex 100 mg/ml LA for cattle,Downland,Moxidectin,Yes,Yes,No,No,No,No,Yes,Yes,Yes,No,,Ear injection,,108 days,80* days
Combination,Animec super injection for cattle,Chanelle AH,Ivermectin Clorsulon,Yes,Yes,Yes,No,Yes,No,Yes,Yes,Yes,No,,Injection SC,,66 days,60* days
Combination,Bimectin plus injection,Bimeda,Ivermectin Clorsulon,Yes,Yes,Yes,No,Yes,No,Yes,Yes,Yes,No,,Injection SC,,66 days,60* days
Combination,Closamectin injection,Norbrook Labs,Ivermectin Closantel,Yes,Yes,Yes,No,Yes,Yes >7 wk,Yes,Yes,Yes,No,,Injection SC,,49 days,X
Combination,Closamectin pour-on,Norbrook Labs,Ivermectin Closantel,Yes,Yes,Yes,No,Yes,Yes >7 wk,Yes,Yes,Yes,No,,Pour-on,,28 days,X
Combination,Combinex cattle,Elanco AH,Levamisole Triclabendazole,Yes,Yes,No,No,Yes,Yes,No,No,No,No,,Oral drench,,56 days,X
Combination,Cydectin TriclaMox,Zoetis,Moxidectin Triclabendazole,Yes,Yes,No,No,Yes,Yes,No,No,Yes,No,,Pour-on,,143 days,X
Combination,Fluke & Worm,Downland,Levamisole Oxyclozanide,Yes,Yes,No,No,Yes,No,No,No,No,No,,Oral drench,,5 days,X
Combination,Ivomec super injection,Boehringer Ingelheim,Ivermectin Clorsulon,Yes,Yes,Yes,No,Yes,No,Yes,Yes,Yes,No,,Injection SC,,66 days,60* days
Combination,Levafas Diamond,Norbrook Labs,Levamisole Oxyclozanide,Yes,Yes,No,No,Yes,No,No,No,No,No,,Oral drench,,5 days,X
Combination,Molemec super injection,Mole Valley,Ivermectin Clorsulon,Yes,Yes,Yes,No,Yes,No,Yes,Yes,Yes,No,,Injection SC,,66 days,60* days
Combination,Norofas,Downland,Ivermectin Closantel,Yes,Yes,Yes,No,Yes,Yes >7 wk,Yes,Yes,Yes,No,,Pour-on,,28 days,X
Combination,Supremadex,Downland,Ivermectin Clorsulon,Yes,Yes,No,No,Yes,No,Yes,Yes,Yes,No,,Injection SC,,66 days,60* days
Combination,Virbamec Super,Virbac,Ivermectin Clorsulon,Yes,Yes,No,No,Yes,No,Yes,Yes,Yes,No,,Injection SC,,66 days,60* days
Flukicide,Endofluke 10%,Bimeda,Triclabendazole,No,No,No,No,Yes,Yes,No,No,No,No,,Oral drench,,56 days,47* days
Flukicide,Fasinex 240,Elanco AH,Triclabendazole,No,No,No,No,Yes,Yes,No,No,No,No,,Oral drench,,52 days,50* days
Flukicide,Rumenil 34mg/ml oral,Chanelle,Oxyclozanide,No,No,No,Yes Moniezia. segments only,Yes,No,No,No,No,No,,Oral drench,,13 days,108 hours
Flukicide,Tribex 10% oral,Chanelle AH,Triclabendazole,No,No,No,No,Yes,Yes,No,No,No,No,,Oral drench,,56 days,44.5* days
Flukicide,Triclacert 10%,Downland,Triclabendazole,No,No,No,No,Yes,Yes,No,No,No,No,,Oral drench,,56 days,44.5* days
Flukicide,Trodax 34% w/v,Boehringer Ingelheim,Nitroxynil,Yes - H. contortus,No,No,No,Yes,Yes - late,No,No,No,No,,Injection SC,,60 days,X
Flukicide,Zanil,MSD AH,Oxyclozanide,No,No,No,No,Yes,Yes,No,No,No,No,,Oral drench,,13 days,108 hours
Pyrethroid,Butox Swish,MSD AH,Deltamethrin,No,No,No,No,No,No,No,No,Yes,Yes,Yes,Pour-on,,20 days,Zero
Pyrethroid,Dectospot 10mg/ml spot-on,Bimeda,Deltamethrin,No,No,No,No,No,No,No,No,Yes,Yes,Yes,Spot-on,,17 days,Zero
Pyrethroid,Deltanil cattle and sheep,Virbac,Deltamethrin,No,No,No,No,No,No,No,No,Yes,Yes,Yes,Pour-on,,17 days,Zero
Pyrethroid,Deltamole,Mole Valley,Deltamethrin,No,No,No,No,No,No,No,No,Yes,No,Yes,Pour-on,,20 days,Zero
Pyrethroid,Dysect cattle pour-on,Zoetis,Alphacypermethrin,No,No,No,No,No,No,No,No,Yes,No,Yes,Pour-on,,28 days,Zero
Pyrethroid,Flectron fly tags,Zoetis,Cypermethrin,No,No,No,No,No,No,No,No,No,No,Yes,Ear tag,,Zero,Zero
Pyrethroid,Flypor,Elanco AH,Permethrin,No,No,No,No,No,No,Yes,No,Yes,Yes,Yes,Pour-on,,3 days,6 hours
Pyrethroid,Fly & lice spot-on,Zoetis,Deltamethrin,No,No,No,No,No,No,No,No,Yes,No,Yes,Spot-on,,17 days,Zero
Pyrethroid,Flydown,Downland,Deltamethrin,No,No,No,No,No,No,No,No,Yes,Yes,Yes,Spot-on,,17 days,Zero
Pyrethroid,Spotinor 10 mg/ml,Norbrook,Deltamethrin,No,No,No,No,No,No,No,No,Yes,Yes,Yes,Spot-on,,17 days,Zero
Pyrethroid,Zermasect cattle,Downland,Alphacypermethrin,No,No,No,No,No,No,No,No,Yes,No,Yes,Pour-on,,28 days,Zero
