Group,Product,Company,Active ingredients,Roundworm,Lungworm,Tapeworm,Liver Fluke - Adult,Liver Fluke - Immature,Sheep Scab,Nasal Bots,Haemonchus contortus,Route of administration,Trace elements,Withdrawal period (days)
1-BZ White,Albacert,Downland,Albendazole,Yes,Yes,Yes,Yes,No,No,No,No,Oral,Co / Se,5
1-BZ White,<a href='https://www.noahcompendium.co.uk/?id=-459908&fromsearch=true#iosfirsthighlight'>Albenil SC</a>,Virbac,Albendazole,Yes,Yes,Yes,Yes,No,No,No,No,Oral,Co / Se,5
1-BZ White,<a href='https://www.noahcompendium.co.uk/?id=-448931&fromsearch=true#iosfirsthighlight'>Albex 10%</a>,Chanelle Pharma,Albendazole,Yes,Yes,Yes,Yes,No,No,No,No,Oral,Co / Se,5
1-BZ White,<a href='https://www.noahcompendium.co.uk/?id=-448920&fromsearch=true#iosfirsthighlight'>Albex SC 2.5%</a>,Chanelle Pharma,Albendazole,Yes,Yes,Yes,Yes,No,No,No,No,Oral,Co / Se,5
1-BZ White,Benzimole,Mole Valley,Albendazole,Yes,Yes,Yes,Yes,No,No,No,No,Oral,Co / Se,5
1-BZ White,<a href='https://www.noahcompendium.co.uk/?id=-447061&fromsearch=true#iosfirsthighlight'>Endospec SC 10%</a>,Bimeda,Albendazole,Yes,Yes,Yes,Yes,No,No,No,No,Oral,Co / Se,4
1-BZ White,<a href='https://www.noahcompendium.co.uk/?id=-447048&fromsearch=true#iosfirsthighlight'>Endospec SC 2.5%</a>,Bimeda,Albendazole,Yes,Yes,Yes,Yes,No,No,No,No,Oral,Co / Se,4
1-BZ White,Ovidrench S&C 2.5%,United Farmers,Albendazole,Yes,Yes,Yes,Yes,No,No,No,No,Oral,Co / Se,4
1-BZ White,Ovidrench S&C 10%,United Farmers,Albendazole,Yes,Yes,Yes,Yes,No,No,No,No,Oral,Co / Se,4
1-BZ White,Tramazole SC 2.5%,Tulivin Labs,Albendazole,Yes,Yes,Yes,Yes,No,No,No,No,Oral,Co / Se,4
1-BZ White,Tramazole 10%,Tulivin Labs,Albendazole,Yes,Yes,Yes,Yes,No,No,No,No,Oral,Co / Se,4
1-BZ White,<a href='https://www.noahcompendium.co.uk/?id=-476026&fromsearch=true#iosfirsthighlight'>Panacur 10%</a>,MSD AH,Fenbendazole,Yes,Yes,Yes,No,No,No,No,No,Oral,,15
1-BZ White,<a href='https://www.noahcompendium.co.uk/?id=-474130&fromsearch=true#iosfirsthighlight'>Rycoben SC</a>,Elanco AH,Ricobendazole,Yes,Yes,Yes,Yes,No,No,No,No,Oral,Co / Se,3
2-LV Yellow,<a href='https://www.noahcompendium.co.uk/?id=-449067&fromsearch=true#iosfirsthighlight'>Chanaverm 7.5%</a>,Chanelle Pharma,Levamisole,Yes,Yes,No,No,No,No,No,No,Oral,,20
2-LV Yellow,<a href='https://www.noahcompendium.co.uk/?id=-471935&fromsearch=true#iosfirsthighlight'>Levacide 7.5% injection</a>,Norbrook Labs,Levamisole,Yes,Yes,No,No,No,No,No,No,Injection,,15
2-LV Yellow,<a href='https://www.noahcompendium.co.uk/?id=-471935&fromsearch=true#iosfirsthighlight'>Levacide LV 7.5% oral</a>,Norbrook Labs,Levamisole,Yes,Yes,No,No,No,No,No,No,Oral,,21
2-LV Yellow,<a href='https://www.noahcompendium.co.uk/?id=-454927&fromsearch=true#iosfirsthighlight'>Levacur SC 3%</a>,MSD AH,Levamisole,Yes,Yes,No,No,No,No,No,No,Oral,Co / Se,20
2-LV Yellow,Levamole,Mole Valley,Levamisole,Yes,Yes,No,No,No,No,No,No,Oral,,20
3-ML Clear,<a href='https://www.noahcompendium.co.uk/?id=-474658&fromsearch=true#iosfirsthighlight'>Dectomax</a>,Elanco AH,Doramectin,Yes,Yes,No,No,No,Yes,Yes,No,Injection I/M,,70
3-ML Clear,<a href='https://www.noahcompendium.co.uk/?id=-448952&fromsearch=true#iosfirsthighlight'>Animec</a>,Chanelle Pharma,Ivermectin,Yes,Yes,No,No,No,No,Yes,No,Oral Drench,,10
3-ML Clear,<a href='https://www.noahcompendium.co.uk/?id=-446824&fromsearch=true#iosfirsthighlight'>Bimectin</a>,Bimeda,Ivermectin,Yes,Yes,No,No,No,No,Yes,No,Injection S/C,,42
3-ML Clear,<a href='https://www.noahcompendium.co.uk/?id=-453708&fromsearch=true#iosfirsthighlight'>Ivomec Classic Injection</a>,Boehringer Ingelheim AH,Ivermectin,Yes,Yes,No,No,No,Yes,Yes,No,Injection S/C,,37
3-ML Clear,Molemec Injection,Mole Valley,Ivermectin,Yes,Yes,No,No,No,Yes,Yes,No,Injection S/C,,37
3-ML Clear,Molemec Drench,Mole Valley,Ivermectin,Yes,Yes,No,No,No,No,Yes,No,Oral Drench,,6
3-ML Clear,<a href='https://www.noahcompendium.co.uk/?id=-471102&fromsearch=true#iosfirsthighlight'>Noromectin Drench</a>,Norbrook Labs,Ivermectin,Yes,Yes,No,No,No,No,Yes,No,Oral Drench,,14
3-ML Clear,<a href='https://www.noahcompendium.co.uk/?id=-471130&fromsearch=true#iosfirsthighlight'>Noromectin Injection</a>,Norbrook Labs,Ivermectin,Yes,Yes,No,No,No,Yes,Yes,No,Injection S/C,,42
3-ML Clear,<a href='https://www.noahcompendium.co.uk/?id=-453849&fromsearch=true#iosfirsthighlight'>Oramec Drench</a>,Boehringer Ingelheim AH,Ivermectin,Yes,Yes,No,No,No,No,Yes,No,Oral Drench,,6
3-ML Clear,<a href='https://www.noahcompendium.co.uk/?id=-453858&fromsearch=true#iosfirsthighlight'>Panomec Injection</a>,Boehringer Ingelheim AH,Ivermectin,Yes,Yes,No,No,No,Yes,Yes,No,Injection S/C,,37
3-ML Clear,<a href='https://www.noahcompendium.co.uk/?id=-471242&fromsearch=true#iosfirsthighlight'>Paramectin Injection</a>,Norbrook Labs,Ivermectin,Yes,Yes,No,No,No,Yes,Yes,No,Injection S/C,,42
3-ML Clear,<a href='https://www.noahcompendium.co.uk/?id=-471228&fromsearch=true#iosfirsthighlight'>Paramectin Drench</a>,Norbrook Labs,Ivermectin,Yes,Yes,No,No,No,No,Yes,No,Oral Drench,,14
3-ML Clear,Premadex Drench,Downland,Ivermectin,Yes,Yes,No,No,No,No,Yes,No,Oral Drench,,14
3-ML Clear,Premadex 1% Injection,Downland,Ivermectin,Yes,Yes,No,No,No,Yes,Yes,No,Injection S/C,,42
3-ML Clear,<a href='https://www.noahcompendium.co.uk/?id=-456769&fromsearch=true#iosfirsthighlight'>Cydectin 0.1% Drench</a>,Zoetis,Moxidectin,Yes,Yes,No,No,No,No,No,No,Oral Drench,,14
3-ML Clear,<a href='https://www.noahcompendium.co.uk/?id=-456793&fromsearch=true#iosfirsthighlight'>Cydectin 1% injection</a>,Zoetis,Moxidectin,Yes,Yes,No,No,No,Yes,Yes,No,Injection S/C,,70
3-ML Clear,<a href='https://www.noahcompendium.co.uk/?id=-456829&fromsearch=true#iosfirsthighlight'>Cydectin 2% LA Injection (20mg/ml)</a>,Zoetis,Moxidectin,Yes,Yes,No,No,No,Yes,Yes,No,Injection S/C (base of ear),,104
3-ML Clear,Zermex 0.1% Drench,Downland,Moxidectin,Yes,Yes,No,No,No,No,No,No,Oral Drench,,14
3-ML Clear,Zermex 1% injection,Downland,Moxidectin,Yes,Yes,No,No,No,Yes,Yes,No,Injection S/C,,70
3-ML Clear,Zermex 2% LA injection (20mg/ml),Downland,Moxidectin,Yes,Yes,No,No,No,Yes,Yes,No,Injection S/C (base of ear),,104
4-AD Orange,<a href='https://www.noahcompendium.co.uk/?id=-474727&fromsearch=true#iosfirsthighlight'>Zolvix</a>,Elanco AH,Monepantel,Yes,No,No,No,No,No,No,No,Oral,,7
5-SI Purple,<a href='https://www.noahcompendium.co.uk/?id=-458338&fromsearch=true#iosfirsthighlight'>STARTECT (Dual Active)</a>,Zoetis,Abamectin-derquantel,Yes,Yes,No,No,No,No,No,No,Oral,,14
Combination,<a href='https://www.noahcompendium.co.uk/?id=-474630&fromsearch=true#iosfirsthighlight'>Combinex Sheep</a>,Elanco AH,Levamisole / Triclabendazole,Yes,Yes,No,Yes,Yes,No,No,No,Oral,,56
Combination,<a href='https://www.noahcompendium.co.uk/?id=-456841&fromsearch=true#iosfirsthighlight'>Cydectin Triclamox</a>,Zoetis,Moxidectin / Triclabendazole,Yes,Yes,No,Yes,Yes,No,No,No,Oral,,31
Combination,<a href='https://www.noahcompendium.co.uk/?id=-474102&fromsearch=true#iosfirsthighlight'>Fasimec Duo</a>,Elanco AH,Ivermectin / Triclabendazole,Yes,Yes,No,Yes,Yes,No,No,No,Oral,,27
Combination,<a href='https://www.noahcompendium.co.uk/?id=-474863&fromsearch=true#iosfirsthighlight'>Supaverm</a>,Elanco AH,Mebendazole / Closantel,Yes,Yes,Yes,Yes,Yes,No,No,No,Oral,,65
Flukicide,<a href='https://www.noahcompendium.co.uk/?id=-447035&fromsearch=true#iosfirsthighlight'>Endofluke</a>,Bimeda,Triclabendazole,No,No,No,Yes,Yes,No,No,No,Oral,,56
Flukicide,<a href='https://www.noahcompendium.co.uk/?id=-475029&fromsearch=true#iosfirsthighlight'>Fasinex 5%</a>,Elanco AH,Triclabendazole,No,No,No,Yes,Yes,No,No,No,Oral,,56
Flukicide,<a href='https://www.noahcompendium.co.uk/?id=-474713&fromsearch=true#iosfirsthighlight'>Flukiver</a>,Elanco AH,Closantel,No,No,No,Yes,Yes,No,Yes,Yes,Oral,,42
