﻿Group,Label,Colour,Product,Company,Drug,Roundworm,Lungworm,Tapeworm,Liver Fluke - Adult,Liver Fluke - Immature,Sheep Scab,Nasal Bots,Haemonchus contortus,Use,Trace elements,Meat withdrawl period - Days
Group 1,1-BZ,White,Albacert,Downland,Albendazole,Yes,Yes,Yes,Yes,No,No,No,No,Oral,Co / Se,5
Group 1,1-BZ,White,Albenil SC,Virbac,Albendazole,Yes,Yes,Yes,Yes,No,No,No,No,Oral,Co / Se,5
Group 1,1-BZ,White,Albex 10%,Chanelle Pharma,Albendazole,Yes,Yes,Yes,Yes,No,No,No,No,Oral,Co / Se,5
Group 1,1-BZ,White,Albex SC 2.5%,Chanelle Pharma,Albendazole,Yes,Yes,Yes,Yes,No,No,No,No,Oral,Co / Se,5
Group 1,1-BZ,White,Benzimole,Mole Valley,Albendazole,Yes,Yes,Yes,Yes,No,No,No,No,Oral,Co / Se,5
Group 1,1-BZ,White,Endospec SC 10%,Bimeda,Albendazole,Yes,Yes,Yes,Yes,No,No,No,No,Oral,Co / Se,4
Group 1,1-BZ,White,Endospec SC 2.5%,Bimeda,Albendazole,Yes,Yes,Yes,Yes,No,No,No,No,Oral,Co / Se,4
Group 1,1-BZ,White,Ovidrench S&C 2.5%,United Farmers,Albendazole,Yes,Yes,Yes,Yes,No,No,No,No,Oral,Co / Se,4
Group 1,1-BZ,White,Ovidrench S&C 10%,United Farmers,Albendazole,Yes,Yes,Yes,Yes,No,No,No,No,Oral,Co / Se,4
Group 1,1-BZ,White,Tramazole SC 2.5%,Tulivin Labs,Albendazole,Yes,Yes,Yes,Yes,No,No,No,No,Oral,Co / Se,4
Group 1,1-BZ,White,Tramazole 10%,Tulivin Labs,Albendazole,Yes,Yes,Yes,Yes,No,No,No,No,Oral,Co / Se,4
Group 1,1-BZ,White,Panacur 10%,MSD AH,Fenbendazole,Yes,Yes,Yes,No,No,No,No,No,Oral,,15
Group 1,1-BZ,White,Rycoben SC,Elanco AH,Ricobendazole,Yes,Yes,Yes,Yes,No,No,No,No,Oral,Co / Se,3
Group 2,2-LV,Yellow,Chanaverm 7.5%,Chanelle Pharma,Levamisole,Yes,Yes,No,No,No,No,No,No,Oral,,20
Group 2,2-LV,Yellow,Levacide 7.5% injection,Norbrook Labs,Levamisole,Yes,Yes,No,No,No,No,No,No,Injection,,15
Group 2,2-LV,Yellow,Levacide LV 7.5% oral,Norbrook Labs,Levamisole,Yes,Yes,No,No,No,No,No,No,Oral,,21
Group 2,2-LV,Yellow,Levacur SC 3% ,MSD AH,Levamisole,Yes,Yes,No,No,No,No,No,No,Oral,Co / Se,20
Group 2,2-LV,Yellow,Levamole,Mole Valley,Levamisole,Yes,Yes,No,No,No,No,No,No,Oral,,20
Group 3,3-ML,Clear,Dectomax,Elanco AH,Doramectin,Yes,Yes,No,No,No,Yes,Yes,No,Injection I/M,,70
Group 3,3-ML,Clear,Animec ,Chanelle Pharma,Ivermectin,Yes,Yes,No,No,No,No,Yes,No,Oral Drench,,10
Group 3,3-ML,Clear,Bimectin,Bimeda,Ivermectin,Yes,Yes,No,No,No,No,Yes,No,Injection S/C,,42
Group 3,3-ML,Clear,Ivomec Classic Injection,Boehringer Ingelheim AH,Ivermectin,Yes,Yes,No,No,No,Yes,Yes,No,Injection S/C,,37
Group 3,3-ML,Clear,Molemec Injection,Mole Valley,Ivermectin,Yes,Yes,No,No,No,Yes,Yes,No,Injection S/C,,37
Group 3,3-ML,Clear,Molemec Drench,Mole Valley,Ivermectin,Yes,Yes,No,No,No,No,Yes,No,Oral Drench,,6
Group 3,3-ML,Clear,Noromectin Drench,Norbrook Labs,Ivermectin,Yes,Yes,No,No,No,No,Yes,No,Oral Drench,,14
Group 3,3-ML,Clear,Noromectin Injection,Norbrook Labs,Ivermectin,Yes,Yes,No,No,No,Yes,Yes,No,Injection S/C,,42
Group 3,3-ML,Clear,Oramec Drench,Boehringer Ingelheim AH,Ivermectin,Yes,Yes,No,No,No,No,Yes,No,Oral Drench,,6
Group 3,3-ML,Clear,Panomec Injection,Boehringer Ingelheim AH,Ivermectin,Yes,Yes,No,No,No,Yes,Yes,No,Injection S/C,,37
Group 3,3-ML,Clear,Paramectin Injection,Norbrook Labs,Ivermectin,Yes,Yes,No,No,No,Yes,Yes,No,Injection S/C,,42
Group 3,3-ML,Clear,Paramectin Drench,Norbrook Labs,Ivermectin,Yes,Yes,No,No,No,No,Yes,No,Oral Drench,,14
Group 3,3-ML,Clear,Premadex Drench,Downland,Ivermectin,Yes,Yes,No,No,No,No,Yes,No,Oral Drench,,14
Group 3,3-ML,Clear,Premadex 1% Injection,Downland,Ivermectin,Yes,Yes,No,No,No,Yes,Yes,No,Injection S/C,,42
Group 3,3-ML,Clear,Cydectin 0.1% Drench,Zoetis,Moxidectin,Yes,Yes,No,No,No,No,No,No,Oral Drench,,14
Group 3,3-ML,Clear,Cydectin 1% injection,Zoetis,Moxidectin,Yes,Yes,No,No,No,Yes,Yes,No,Injection S/C,,70
Group 3,3-ML,Clear,Cydectin 2% LA Injection (20mg/ml),Zoetis,Moxidectin,Yes,Yes,No,No,No,Yes,Yes,No,Injection S/C (base of ear),,104
Group 3,3-ML,Clear,Zermex 0.1% Drench,Downland,Moxidectin,Yes,Yes,No,No,No,No,No,No,Oral Drench,,14
Group 3,3-ML,Clear,Zermex 1% injection,Downland,Moxidectin,Yes,Yes,No,No,No,Yes,Yes,No,Injection S/C,,70
Group 3,3-ML,Clear,Zermex 2% LA injection (20mg/ml),Downland,Moxidectin,Yes,Yes,No,No,No,Yes,Yes,No,Injection S/C (base of ear),,104
Group 4,4-AD,Orange,Zolvix,Elanco AH,Monepantel,Yes,No,No,No,No,No,No,No,Oral,,7
Group 5,5-SI,Purple,STARTECT (Dual Active),Zoetis,Abamectin-derquantel,Yes,Yes,No,No,No,No,No,No,Oral,,14
Combination,,,Combinex Sheep,Elanco AH,Levamisole / Triclabendazole,Yes,Yes,No,Yes,Yes,No,No,No,Oral,,56
Combination,,,Cydectin Triclamox,Zoetis,Moxidectin / Triclabendazole,Yes,Yes,No,Yes,Yes,No,No,No,Oral,,31
Combination,,,Fasimec Duo,Elanco AH,Ivermectin / Triclabendazole,Yes,Yes,No,Yes,Yes,No,No,No,Oral,,27
Combination,,,Supaverm,Elanco AH,Mebendazole / Closantel,Yes,Yes,Yes,Yes,Yes,No,No,No,Oral,,65
Narrow Spectrum,,,Endofluke,Bimeda,Triclabendazole,No,No,No,Yes,Yes,No,No,No,Oral,,56
Narrow Spectrum,,,Fasinex 5%,Elanco AH,Triclabendazole,No,No,No,Yes,Yes,No,No,No,Oral,,56
Narrow Spectrum,,,Flukiver,Elanco AH,Closantel,No,No,No,Yes,Yes,No,Yes,Yes,Oral,,42
