[
  {
    "Group": "1-BZ White",
    "Product": "Albacert",
    "Company": "Downland",
    "Active ingredients": "Albendazole",
    "Roundworm": "Yes",
    "Lungworm": "Yes",
    "Tapeworm": "Yes",
    "Liver Fluke - Adult": "Yes",
    "Liver Fluke - Immature": "No",
    "Sheep Scab": "No",
    "Nasal Bots": "No",
    "Haemonchus contortus": "No",
    "Route of administration": "Oral",
    "Trace elements": "Co / Se",
    "Withdrawal period (days)\r": "5\r"
  },
  {
    "Group": "1-BZ White",
    "Product": "Albenil SC",
    "Company": "Virbac",
    "Active ingredients": "Albendazole",
    "Roundworm": "Yes",
    "Lungworm": "Yes",
    "Tapeworm": "Yes",
    "Liver Fluke - Adult": "Yes",
    "Liver Fluke - Immature": "No",
    "Sheep Scab": "No",
    "Nasal Bots": "No",
    "Haemonchus contortus": "No",
    "Route of administration": "Oral",
    "Trace elements": "Co / Se",
    "Withdrawal period (days)\r": "5\r"
  },
  {
    "Group": "1-BZ White",
    "Product": "Albex 10%",
    "Company": "Chanelle Pharma",
    "Active ingredients": "Albendazole",
    "Roundworm": "Yes",
    "Lungworm": "Yes",
    "Tapeworm": "Yes",
    "Liver Fluke - Adult": "Yes",
    "Liver Fluke - Immature": "No",
    "Sheep Scab": "No",
    "Nasal Bots": "No",
    "Haemonchus contortus": "No",
    "Route of administration": "Oral",
    "Trace elements": "Co / Se",
    "Withdrawal period (days)\r": "5\r"
  },
  {
    "Group": "1-BZ White",
    "Product": "Albex SC 2.5%",
    "Company": "Chanelle Pharma",
    "Active ingredients": "Albendazole",
    "Roundworm": "Yes",
    "Lungworm": "Yes",
    "Tapeworm": "Yes",
    "Liver Fluke - Adult": "Yes",
    "Liver Fluke - Immature": "No",
    "Sheep Scab": "No",
    "Nasal Bots": "No",
    "Haemonchus contortus": "No",
    "Route of administration": "Oral",
    "Trace elements": "Co / Se",
    "Withdrawal period (days)\r": "5\r"
  },
  {
    "Group": "1-BZ White",
    "Product": "Benzimole",
    "Company": "Mole Valley",
    "Active ingredients": "Albendazole",
    "Roundworm": "Yes",
    "Lungworm": "Yes",
    "Tapeworm": "Yes",
    "Liver Fluke - Adult": "Yes",
    "Liver Fluke - Immature": "No",
    "Sheep Scab": "No",
    "Nasal Bots": "No",
    "Haemonchus contortus": "No",
    "Route of administration": "Oral",
    "Trace elements": "Co / Se",
    "Withdrawal period (days)\r": "5\r"
  },
  {
    "Group": "1-BZ White",
    "Product": "Endospec SC 10%",
    "Company": "Bimeda",
    "Active ingredients": "Albendazole",
    "Roundworm": "Yes",
    "Lungworm": "Yes",
    "Tapeworm": "Yes",
    "Liver Fluke - Adult": "Yes",
    "Liver Fluke - Immature": "No",
    "Sheep Scab": "No",
    "Nasal Bots": "No",
    "Haemonchus contortus": "No",
    "Route of administration": "Oral",
    "Trace elements": "Co / Se",
    "Withdrawal period (days)\r": "4\r"
  },
  {
    "Group": "1-BZ White",
    "Product": "Endospec SC 2.5%",
    "Company": "Bimeda",
    "Active ingredients": "Albendazole",
    "Roundworm": "Yes",
    "Lungworm": "Yes",
    "Tapeworm": "Yes",
    "Liver Fluke - Adult": "Yes",
    "Liver Fluke - Immature": "No",
    "Sheep Scab": "No",
    "Nasal Bots": "No",
    "Haemonchus contortus": "No",
    "Route of administration": "Oral",
    "Trace elements": "Co / Se",
    "Withdrawal period (days)\r": "4\r"
  },
  {
    "Group": "1-BZ White",
    "Product": "Ovidrench S&C 2.5%",
    "Company": "United Farmers",
    "Active ingredients": "Albendazole",
    "Roundworm": "Yes",
    "Lungworm": "Yes",
    "Tapeworm": "Yes",
    "Liver Fluke - Adult": "Yes",
    "Liver Fluke - Immature": "No",
    "Sheep Scab": "No",
    "Nasal Bots": "No",
    "Haemonchus contortus": "No",
    "Route of administration": "Oral",
    "Trace elements": "Co / Se",
    "Withdrawal period (days)\r": "4\r"
  },
  {
    "Group": "1-BZ White",
    "Product": "Ovidrench S&C 10%",
    "Company": "United Farmers",
    "Active ingredients": "Albendazole",
    "Roundworm": "Yes",
    "Lungworm": "Yes",
    "Tapeworm": "Yes",
    "Liver Fluke - Adult": "Yes",
    "Liver Fluke - Immature": "No",
    "Sheep Scab": "No",
    "Nasal Bots": "No",
    "Haemonchus contortus": "No",
    "Route of administration": "Oral",
    "Trace elements": "Co / Se",
    "Withdrawal period (days)\r": "4\r"
  },
  {
    "Group": "1-BZ White",
    "Product": "Tramazole SC 2.5%",
    "Company": "Tulivin Labs",
    "Active ingredients": "Albendazole",
    "Roundworm": "Yes",
    "Lungworm": "Yes",
    "Tapeworm": "Yes",
    "Liver Fluke - Adult": "Yes",
    "Liver Fluke - Immature": "No",
    "Sheep Scab": "No",
    "Nasal Bots": "No",
    "Haemonchus contortus": "No",
    "Route of administration": "Oral",
    "Trace elements": "Co / Se",
    "Withdrawal period (days)\r": "4\r"
  },
  {
    "Group": "1-BZ White",
    "Product": "Tramazole 10%",
    "Company": "Tulivin Labs",
    "Active ingredients": "Albendazole",
    "Roundworm": "Yes",
    "Lungworm": "Yes",
    "Tapeworm": "Yes",
    "Liver Fluke - Adult": "Yes",
    "Liver Fluke - Immature": "No",
    "Sheep Scab": "No",
    "Nasal Bots": "No",
    "Haemonchus contortus": "No",
    "Route of administration": "Oral",
    "Trace elements": "Co / Se",
    "Withdrawal period (days)\r": "4\r"
  },
  {
    "Group": "1-BZ White",
    "Product": "Panacur 10%",
    "Company": "MSD AH",
    "Active ingredients": "Fenbendazole",
    "Roundworm": "Yes",
    "Lungworm": "Yes",
    "Tapeworm": "Yes",
    "Liver Fluke - Adult": "No",
    "Liver Fluke - Immature": "No",
    "Sheep Scab": "No",
    "Nasal Bots": "No",
    "Haemonchus contortus": "No",
    "Route of administration": "Oral",
    "Trace elements": "",
    "Withdrawal period (days)\r": "15\r"
  },
  {
    "Group": "1-BZ White",
    "Product": "Rycoben SC",
    "Company": "Elanco AH",
    "Active ingredients": "Ricobendazole",
    "Roundworm": "Yes",
    "Lungworm": "Yes",
    "Tapeworm": "Yes",
    "Liver Fluke - Adult": "Yes",
    "Liver Fluke - Immature": "No",
    "Sheep Scab": "No",
    "Nasal Bots": "No",
    "Haemonchus contortus": "No",
    "Route of administration": "Oral",
    "Trace elements": "Co / Se",
    "Withdrawal period (days)\r": "3\r"
  },
  {
    "Group": "2-LV Yellow",
    "Product": "Chanaverm 7.5%",
    "Company": "Chanelle Pharma",
    "Active ingredients": "Levamisole",
    "Roundworm": "Yes",
    "Lungworm": "Yes",
    "Tapeworm": "No",
    "Liver Fluke - Adult": "No",
    "Liver Fluke - Immature": "No",
    "Sheep Scab": "No",
    "Nasal Bots": "No",
    "Haemonchus contortus": "No",
    "Route of administration": "Oral",
    "Trace elements": "",
    "Withdrawal period (days)\r": "20\r"
  },
  {
    "Group": "2-LV Yellow",
    "Product": "Levacide 7.5% injection",
    "Company": "Norbrook Labs",
    "Active ingredients": "Levamisole",
    "Roundworm": "Yes",
    "Lungworm": "Yes",
    "Tapeworm": "No",
    "Liver Fluke - Adult": "No",
    "Liver Fluke - Immature": "No",
    "Sheep Scab": "No",
    "Nasal Bots": "No",
    "Haemonchus contortus": "No",
    "Route of administration": "Injection",
    "Trace elements": "",
    "Withdrawal period (days)\r": "15\r"
  },
  {
    "Group": "2-LV Yellow",
    "Product": "Levacide LV 7.5% oral",
    "Company": "Norbrook Labs",
    "Active ingredients": "Levamisole",
    "Roundworm": "Yes",
    "Lungworm": "Yes",
    "Tapeworm": "No",
    "Liver Fluke - Adult": "No",
    "Liver Fluke - Immature": "No",
    "Sheep Scab": "No",
    "Nasal Bots": "No",
    "Haemonchus contortus": "No",
    "Route of administration": "Oral",
    "Trace elements": "",
    "Withdrawal period (days)\r": "21\r"
  },
  {
    "Group": "2-LV Yellow",
    "Product": "Levacur SC 3% ",
    "Company": "MSD AH",
    "Active ingredients": "Levamisole",
    "Roundworm": "Yes",
    "Lungworm": "Yes",
    "Tapeworm": "No",
    "Liver Fluke - Adult": "No",
    "Liver Fluke - Immature": "No",
    "Sheep Scab": "No",
    "Nasal Bots": "No",
    "Haemonchus contortus": "No",
    "Route of administration": "Oral",
    "Trace elements": "Co / Se",
    "Withdrawal period (days)\r": "20\r"
  },
  {
    "Group": "2-LV Yellow",
    "Product": "Levamole",
    "Company": "Mole Valley",
    "Active ingredients": "Levamisole",
    "Roundworm": "Yes",
    "Lungworm": "Yes",
    "Tapeworm": "No",
    "Liver Fluke - Adult": "No",
    "Liver Fluke - Immature": "No",
    "Sheep Scab": "No",
    "Nasal Bots": "No",
    "Haemonchus contortus": "No",
    "Route of administration": "Oral",
    "Trace elements": "",
    "Withdrawal period (days)\r": "20\r"
  },
  {
    "Group": "3-ML Clear",
    "Product": "Dectomax",
    "Company": "Elanco AH",
    "Active ingredients": "Doramectin",
    "Roundworm": "Yes",
    "Lungworm": "Yes",
    "Tapeworm": "No",
    "Liver Fluke - Adult": "No",
    "Liver Fluke - Immature": "No",
    "Sheep Scab": "Yes",
    "Nasal Bots": "Yes",
    "Haemonchus contortus": "No",
    "Route of administration": "Injection I/M",
    "Trace elements": "",
    "Withdrawal period (days)\r": "70\r"
  },
  {
    "Group": "3-ML Clear",
    "Product": "Animec ",
    "Company": "Chanelle Pharma",
    "Active ingredients": "Ivermectin",
    "Roundworm": "Yes",
    "Lungworm": "Yes",
    "Tapeworm": "No",
    "Liver Fluke - Adult": "No",
    "Liver Fluke - Immature": "No",
    "Sheep Scab": "No",
    "Nasal Bots": "Yes",
    "Haemonchus contortus": "No",
    "Route of administration": "Oral Drench",
    "Trace elements": "",
    "Withdrawal period (days)\r": "10\r"
  },
  {
    "Group": "3-ML Clear",
    "Product": "Bimectin",
    "Company": "Bimeda",
    "Active ingredients": "Ivermectin",
    "Roundworm": "Yes",
    "Lungworm": "Yes",
    "Tapeworm": "No",
    "Liver Fluke - Adult": "No",
    "Liver Fluke - Immature": "No",
    "Sheep Scab": "No",
    "Nasal Bots": "Yes",
    "Haemonchus contortus": "No",
    "Route of administration": "Injection S/C",
    "Trace elements": "",
    "Withdrawal period (days)\r": "42\r"
  },
  {
    "Group": "3-ML Clear",
    "Product": "Ivomec Classic Injection",
    "Company": "Boehringer Ingelheim AH",
    "Active ingredients": "Ivermectin",
    "Roundworm": "Yes",
    "Lungworm": "Yes",
    "Tapeworm": "No",
    "Liver Fluke - Adult": "No",
    "Liver Fluke - Immature": "No",
    "Sheep Scab": "Yes",
    "Nasal Bots": "Yes",
    "Haemonchus contortus": "No",
    "Route of administration": "Injection S/C",
    "Trace elements": "",
    "Withdrawal period (days)\r": "37\r"
  },
  {
    "Group": "3-ML Clear",
    "Product": "Molemec Injection",
    "Company": "Mole Valley",
    "Active ingredients": "Ivermectin",
    "Roundworm": "Yes",
    "Lungworm": "Yes",
    "Tapeworm": "No",
    "Liver Fluke - Adult": "No",
    "Liver Fluke - Immature": "No",
    "Sheep Scab": "Yes",
    "Nasal Bots": "Yes",
    "Haemonchus contortus": "No",
    "Route of administration": "Injection S/C",
    "Trace elements": "",
    "Withdrawal period (days)\r": "37\r"
  },
  {
    "Group": "3-ML Clear",
    "Product": "Molemec Drench",
    "Company": "Mole Valley",
    "Active ingredients": "Ivermectin",
    "Roundworm": "Yes",
    "Lungworm": "Yes",
    "Tapeworm": "No",
    "Liver Fluke - Adult": "No",
    "Liver Fluke - Immature": "No",
    "Sheep Scab": "No",
    "Nasal Bots": "Yes",
    "Haemonchus contortus": "No",
    "Route of administration": "Oral Drench",
    "Trace elements": "",
    "Withdrawal period (days)\r": "6\r"
  },
  {
    "Group": "3-ML Clear",
    "Product": "Noromectin Drench",
    "Company": "Norbrook Labs",
    "Active ingredients": "Ivermectin",
    "Roundworm": "Yes",
    "Lungworm": "Yes",
    "Tapeworm": "No",
    "Liver Fluke - Adult": "No",
    "Liver Fluke - Immature": "No",
    "Sheep Scab": "No",
    "Nasal Bots": "Yes",
    "Haemonchus contortus": "No",
    "Route of administration": "Oral Drench",
    "Trace elements": "",
    "Withdrawal period (days)\r": "14\r"
  },
  {
    "Group": "3-ML Clear",
    "Product": "Noromectin Injection",
    "Company": "Norbrook Labs",
    "Active ingredients": "Ivermectin",
    "Roundworm": "Yes",
    "Lungworm": "Yes",
    "Tapeworm": "No",
    "Liver Fluke - Adult": "No",
    "Liver Fluke - Immature": "No",
    "Sheep Scab": "Yes",
    "Nasal Bots": "Yes",
    "Haemonchus contortus": "No",
    "Route of administration": "Injection S/C",
    "Trace elements": "",
    "Withdrawal period (days)\r": "42\r"
  },
  {
    "Group": "3-ML Clear",
    "Product": "Oramec Drench",
    "Company": "Boehringer Ingelheim AH",
    "Active ingredients": "Ivermectin",
    "Roundworm": "Yes",
    "Lungworm": "Yes",
    "Tapeworm": "No",
    "Liver Fluke - Adult": "No",
    "Liver Fluke - Immature": "No",
    "Sheep Scab": "No",
    "Nasal Bots": "Yes",
    "Haemonchus contortus": "No",
    "Route of administration": "Oral Drench",
    "Trace elements": "",
    "Withdrawal period (days)\r": "6\r"
  },
  {
    "Group": "3-ML Clear",
    "Product": "Panomec Injection",
    "Company": "Boehringer Ingelheim AH",
    "Active ingredients": "Ivermectin",
    "Roundworm": "Yes",
    "Lungworm": "Yes",
    "Tapeworm": "No",
    "Liver Fluke - Adult": "No",
    "Liver Fluke - Immature": "No",
    "Sheep Scab": "Yes",
    "Nasal Bots": "Yes",
    "Haemonchus contortus": "No",
    "Route of administration": "Injection S/C",
    "Trace elements": "",
    "Withdrawal period (days)\r": "37\r"
  },
  {
    "Group": "3-ML Clear",
    "Product": "Paramectin Injection",
    "Company": "Norbrook Labs",
    "Active ingredients": "Ivermectin",
    "Roundworm": "Yes",
    "Lungworm": "Yes",
    "Tapeworm": "No",
    "Liver Fluke - Adult": "No",
    "Liver Fluke - Immature": "No",
    "Sheep Scab": "Yes",
    "Nasal Bots": "Yes",
    "Haemonchus contortus": "No",
    "Route of administration": "Injection S/C",
    "Trace elements": "",
    "Withdrawal period (days)\r": "42\r"
  },
  {
    "Group": "3-ML Clear",
    "Product": "Paramectin Drench",
    "Company": "Norbrook Labs",
    "Active ingredients": "Ivermectin",
    "Roundworm": "Yes",
    "Lungworm": "Yes",
    "Tapeworm": "No",
    "Liver Fluke - Adult": "No",
    "Liver Fluke - Immature": "No",
    "Sheep Scab": "No",
    "Nasal Bots": "Yes",
    "Haemonchus contortus": "No",
    "Route of administration": "Oral Drench",
    "Trace elements": "",
    "Withdrawal period (days)\r": "14\r"
  },
  {
    "Group": "3-ML Clear",
    "Product": "Premadex Drench",
    "Company": "Downland",
    "Active ingredients": "Ivermectin",
    "Roundworm": "Yes",
    "Lungworm": "Yes",
    "Tapeworm": "No",
    "Liver Fluke - Adult": "No",
    "Liver Fluke - Immature": "No",
    "Sheep Scab": "No",
    "Nasal Bots": "Yes",
    "Haemonchus contortus": "No",
    "Route of administration": "Oral Drench",
    "Trace elements": "",
    "Withdrawal period (days)\r": "14\r"
  },
  {
    "Group": "3-ML Clear",
    "Product": "Premadex 1% Injection",
    "Company": "Downland",
    "Active ingredients": "Ivermectin",
    "Roundworm": "Yes",
    "Lungworm": "Yes",
    "Tapeworm": "No",
    "Liver Fluke - Adult": "No",
    "Liver Fluke - Immature": "No",
    "Sheep Scab": "Yes",
    "Nasal Bots": "Yes",
    "Haemonchus contortus": "No",
    "Route of administration": "Injection S/C",
    "Trace elements": "",
    "Withdrawal period (days)\r": "42\r"
  },
  {
    "Group": "3-ML Clear",
    "Product": "Cydectin 0.1% Drench",
    "Company": "Zoetis",
    "Active ingredients": "Moxidectin",
    "Roundworm": "Yes",
    "Lungworm": "Yes",
    "Tapeworm": "No",
    "Liver Fluke - Adult": "No",
    "Liver Fluke - Immature": "No",
    "Sheep Scab": "No",
    "Nasal Bots": "No",
    "Haemonchus contortus": "No",
    "Route of administration": "Oral Drench",
    "Trace elements": "",
    "Withdrawal period (days)\r": "14\r"
  },
  {
    "Group": "3-ML Clear",
    "Product": "Cydectin 1% injection",
    "Company": "Zoetis",
    "Active ingredients": "Moxidectin",
    "Roundworm": "Yes",
    "Lungworm": "Yes",
    "Tapeworm": "No",
    "Liver Fluke - Adult": "No",
    "Liver Fluke - Immature": "No",
    "Sheep Scab": "Yes",
    "Nasal Bots": "Yes",
    "Haemonchus contortus": "No",
    "Route of administration": "Injection S/C",
    "Trace elements": "",
    "Withdrawal period (days)\r": "70\r"
  },
  {
    "Group": "3-ML Clear",
    "Product": "Cydectin 2% LA Injection (20mg/ml)",
    "Company": "Zoetis",
    "Active ingredients": "Moxidectin",
    "Roundworm": "Yes",
    "Lungworm": "Yes",
    "Tapeworm": "No",
    "Liver Fluke - Adult": "No",
    "Liver Fluke - Immature": "No",
    "Sheep Scab": "Yes",
    "Nasal Bots": "Yes",
    "Haemonchus contortus": "No",
    "Route of administration": "Injection S/C (base of ear)",
    "Trace elements": "",
    "Withdrawal period (days)\r": "104\r"
  },
  {
    "Group": "3-ML Clear",
    "Product": "Zermex 0.1% Drench",
    "Company": "Downland",
    "Active ingredients": "Moxidectin",
    "Roundworm": "Yes",
    "Lungworm": "Yes",
    "Tapeworm": "No",
    "Liver Fluke - Adult": "No",
    "Liver Fluke - Immature": "No",
    "Sheep Scab": "No",
    "Nasal Bots": "No",
    "Haemonchus contortus": "No",
    "Route of administration": "Oral Drench",
    "Trace elements": "",
    "Withdrawal period (days)\r": "14\r"
  },
  {
    "Group": "3-ML Clear",
    "Product": "Zermex 1% injection",
    "Company": "Downland",
    "Active ingredients": "Moxidectin",
    "Roundworm": "Yes",
    "Lungworm": "Yes",
    "Tapeworm": "No",
    "Liver Fluke - Adult": "No",
    "Liver Fluke - Immature": "No",
    "Sheep Scab": "Yes",
    "Nasal Bots": "Yes",
    "Haemonchus contortus": "No",
    "Route of administration": "Injection S/C",
    "Trace elements": "",
    "Withdrawal period (days)\r": "70\r"
  },
  {
    "Group": "3-ML Clear",
    "Product": "Zermex 2% LA injection (20mg/ml)",
    "Company": "Downland",
    "Active ingredients": "Moxidectin",
    "Roundworm": "Yes",
    "Lungworm": "Yes",
    "Tapeworm": "No",
    "Liver Fluke - Adult": "No",
    "Liver Fluke - Immature": "No",
    "Sheep Scab": "Yes",
    "Nasal Bots": "Yes",
    "Haemonchus contortus": "No",
    "Route of administration": "Injection S/C (base of ear)",
    "Trace elements": "",
    "Withdrawal period (days)\r": "104\r"
  },
  {
    "Group": "4-AD Orange",
    "Product": "Zolvix",
    "Company": "Elanco AH",
    "Active ingredients": "Monepantel",
    "Roundworm": "Yes",
    "Lungworm": "No",
    "Tapeworm": "No",
    "Liver Fluke - Adult": "No",
    "Liver Fluke - Immature": "No",
    "Sheep Scab": "No",
    "Nasal Bots": "No",
    "Haemonchus contortus": "No",
    "Route of administration": "Oral",
    "Trace elements": "",
    "Withdrawal period (days)\r": "7\r"
  },
  {
    "Group": "5-SI Purple",
    "Product": "STARTECT (Dual Active)",
    "Company": "Zoetis",
    "Active ingredients": "Abamectin-derquantel",
    "Roundworm": "Yes",
    "Lungworm": "Yes",
    "Tapeworm": "No",
    "Liver Fluke - Adult": "No",
    "Liver Fluke - Immature": "No",
    "Sheep Scab": "No",
    "Nasal Bots": "No",
    "Haemonchus contortus": "No",
    "Route of administration": "Oral",
    "Trace elements": "",
    "Withdrawal period (days)\r": "14\r"
  },
  {
    "Group": "Combination",
    "Product": "Combinex Sheep",
    "Company": "Elanco AH",
    "Active ingredients": "Levamisole / Triclabendazole",
    "Roundworm": "Yes",
    "Lungworm": "Yes",
    "Tapeworm": "No",
    "Liver Fluke - Adult": "Yes",
    "Liver Fluke - Immature": "Yes",
    "Sheep Scab": "No",
    "Nasal Bots": "No",
    "Haemonchus contortus": "No",
    "Route of administration": "Oral",
    "Trace elements": "",
    "Withdrawal period (days)\r": "56\r"
  },
  {
    "Group": "Combination",
    "Product": "Cydectin Triclamox",
    "Company": "Zoetis",
    "Active ingredients": "Moxidectin / Triclabendazole",
    "Roundworm": "Yes",
    "Lungworm": "Yes",
    "Tapeworm": "No",
    "Liver Fluke - Adult": "Yes",
    "Liver Fluke - Immature": "Yes",
    "Sheep Scab": "No",
    "Nasal Bots": "No",
    "Haemonchus contortus": "No",
    "Route of administration": "Oral",
    "Trace elements": "",
    "Withdrawal period (days)\r": "31\r"
  },
  {
    "Group": "Combination",
    "Product": "Fasimec Duo",
    "Company": "Elanco AH",
    "Active ingredients": "Ivermectin / Triclabendazole",
    "Roundworm": "Yes",
    "Lungworm": "Yes",
    "Tapeworm": "No",
    "Liver Fluke - Adult": "Yes",
    "Liver Fluke - Immature": "Yes",
    "Sheep Scab": "No",
    "Nasal Bots": "No",
    "Haemonchus contortus": "No",
    "Route of administration": "Oral",
    "Trace elements": "",
    "Withdrawal period (days)\r": "27\r"
  },
  {
    "Group": "Combination",
    "Product": "Supaverm",
    "Company": "Elanco AH",
    "Active ingredients": "Mebendazole / Closantel",
    "Roundworm": "Yes",
    "Lungworm": "Yes",
    "Tapeworm": "Yes",
    "Liver Fluke - Adult": "Yes",
    "Liver Fluke - Immature": "Yes",
    "Sheep Scab": "No",
    "Nasal Bots": "No",
    "Haemonchus contortus": "No",
    "Route of administration": "Oral",
    "Trace elements": "",
    "Withdrawal period (days)\r": "65\r"
  },
  {
    "Group": "Narrow Spectrum",
    "Product": "Endofluke",
    "Company": "Bimeda",
    "Active ingredients": "Triclabendazole",
    "Roundworm": "No",
    "Lungworm": "No",
    "Tapeworm": "No",
    "Liver Fluke - Adult": "Yes",
    "Liver Fluke - Immature": "Yes",
    "Sheep Scab": "No",
    "Nasal Bots": "No",
    "Haemonchus contortus": "No",
    "Route of administration": "Oral",
    "Trace elements": "",
    "Withdrawal period (days)\r": "56\r"
  },
  {
    "Group": "Narrow Spectrum",
    "Product": "Fasinex 5%",
    "Company": "Elanco AH",
    "Active ingredients": "Triclabendazole",
    "Roundworm": "No",
    "Lungworm": "No",
    "Tapeworm": "No",
    "Liver Fluke - Adult": "Yes",
    "Liver Fluke - Immature": "Yes",
    "Sheep Scab": "No",
    "Nasal Bots": "No",
    "Haemonchus contortus": "No",
    "Route of administration": "Oral",
    "Trace elements": "",
    "Withdrawal period (days)\r": "56\r"
  },
  {
    "Group": "Narrow Spectrum",
    "Product": "Flukiver",
    "Company": "Elanco AH",
    "Active ingredients": "Closantel",
    "Roundworm": "No",
    "Lungworm": "No",
    "Tapeworm": "No",
    "Liver Fluke - Adult": "Yes",
    "Liver Fluke - Immature": "Yes",
    "Sheep Scab": "No",
    "Nasal Bots": "Yes",
    "Haemonchus contortus": "Yes",
    "Route of administration": "Oral",
    "Trace elements": "",
    "Withdrawal period (days)\r": "42\r"
  },
  {
    "Group": ""
  }
]