Group,Product,Company,Active ingredients,Roundworm,Lungworm,Tapeworm,Liver Fluke - Adult,Liver Fluke - Immature,Sheep Scab,Nasal Bots,Haemonchus contortus,Route of administration,Trace elements,Withdrawal period (days)
1-BZ White,Albacert,Downland,Albendazole,?,?,?,?,,,,,Oral,Co / Se,5
1-BZ White,Albenil SC,Virbac,Albendazole,?,?,?,?,,,,,Oral,Co / Se,5
1-BZ White,Albex 10%,Chanelle Pharma,Albendazole,?,?,?,?,,,,,Oral,Co / Se,5
1-BZ White,Albex SC 2.5%,Chanelle Pharma,Albendazole,?,?,?,?,,,,,Oral,Co / Se,5
1-BZ White,Benzimole,Mole Valley,Albendazole,?,?,?,?,,,,,Oral,Co / Se,5
1-BZ White,Endospec SC 10%,Bimeda,Albendazole,?,?,?,?,,,,,Oral,Co / Se,4
1-BZ White,Endospec SC 2.5%,Bimeda,Albendazole,?,?,?,?,,,,,Oral,Co / Se,4
1-BZ White,Ovidrench S&C 2.5%,United Farmers,Albendazole,?,?,?,?,,,,,Oral,Co / Se,4
1-BZ White,Ovidrench S&C 10%,United Farmers,Albendazole,?,?,?,?,,,,,Oral,Co / Se,4
1-BZ White,Tramazole SC 2.5%,Tulivin Labs,Albendazole,?,?,?,?,,,,,Oral,Co / Se,4
1-BZ White,Tramazole 10%,Tulivin Labs,Albendazole,?,?,?,?,,,,,Oral,Co / Se,4
1-BZ White,Panacur 10%,MSD AH,Fenbendazole,?,?,?,,,,,,Oral,,15
1-BZ White,Rycoben SC,Elanco AH,Ricobendazole,?,?,?,?,,,,,Oral,Co / Se,3
2-LV Yellow,Chanaverm 7.5%,Chanelle Pharma,Levamisole,?,?,,,,,,,Oral,,20
2-LV Yellow,Levacide 7.5% injection,Norbrook Labs,Levamisole,?,?,,,,,,,Injection,,15
2-LV Yellow,Levacide LV 7.5% oral,Norbrook Labs,Levamisole,?,?,,,,,,,Oral,,21
2-LV Yellow,Levacur SC 3% ,MSD AH,Levamisole,?,?,,,,,,,Oral,Co / Se,20
2-LV Yellow,Levamole,Mole Valley,Levamisole,?,?,,,,,,,Oral,,20
3-ML Clear,Dectomax,Elanco AH,Doramectin,?,?,,,,?,?,,Injection I/M,,70
3-ML Clear,Animec ,Chanelle Pharma,Ivermectin,?,?,,,,,?,,Oral Drench,,10
3-ML Clear,Bimectin,Bimeda,Ivermectin,?,?,,,,,?,,Injection S/C,,42
3-ML Clear,Ivomec Classic Injection,Boehringer Ingelheim AH,Ivermectin,?,?,,,,?,?,,Injection S/C,,37
3-ML Clear,Molemec Injection,Mole Valley,Ivermectin,?,?,,,,?,?,,Injection S/C,,37
3-ML Clear,Molemec Drench,Mole Valley,Ivermectin,?,?,,,,,?,,Oral Drench,,6
3-ML Clear,Noromectin Drench,Norbrook Labs,Ivermectin,?,?,,,,,?,,Oral Drench,,14
3-ML Clear,Noromectin Injection,Norbrook Labs,Ivermectin,?,?,,,,?,?,,Injection S/C,,42
3-ML Clear,Oramec Drench,Boehringer Ingelheim AH,Ivermectin,?,?,,,,,?,,Oral Drench,,6
3-ML Clear,Panomec Injection,Boehringer Ingelheim AH,Ivermectin,?,?,,,,?,?,,Injection S/C,,37
3-ML Clear,Paramectin Injection,Norbrook Labs,Ivermectin,?,?,,,,?,?,,Injection S/C,,42
3-ML Clear,Paramectin Drench,Norbrook Labs,Ivermectin,?,?,,,,,?,,Oral Drench,,14
3-ML Clear,Premadex Drench,Downland,Ivermectin,?,?,,,,,?,,Oral Drench,,14
3-ML Clear,Premadex 1% Injection,Downland,Ivermectin,?,?,,,,?,?,,Injection S/C,,42
3-ML Clear,Cydectin 0.1% Drench,Zoetis,Moxidectin,?,?,,,,,,,Oral Drench,,14
3-ML Clear,Cydectin 1% injection,Zoetis,Moxidectin,?,?,,,,?,?,,Injection S/C,,70
3-ML Clear,Cydectin 2% LA Injection (20mg/ml),Zoetis,Moxidectin,?,?,,,,?,?,,Injection S/C (base of ear),,104
3-ML Clear,Zermex 0.1% Drench,Downland,Moxidectin,?,?,,,,,,,Oral Drench,,14
3-ML Clear,Zermex 1% injection,Downland,Moxidectin,?,?,,,,?,?,,Injection S/C,,70
3-ML Clear,Zermex 2% LA injection (20mg/ml),Downland,Moxidectin,?,?,,,,?,?,,Injection S/C (base of ear),,104
4-AD Orange,Zolvix,Elanco AH,Monepantel,?,,,,,,,,Oral,,7
5-SI Purple,STARTECT (Dual Active),Zoetis,Abamectin-derquantel,?,?,,,,,,,Oral,,14
Combination,Combinex Sheep,Elanco AH,Levamisole / Triclabendazole,?,?,,?,?,,,,Oral,,56
Combination,Cydectin Triclamox,Zoetis,Moxidectin / Triclabendazole,?,?,,?,?,,,,Oral,,31
Combination,Fasimec Duo,Elanco AH,Ivermectin / Triclabendazole,?,?,,?,?,,,,Oral,,27
Combination,Supaverm,Elanco AH,Mebendazole / Closantel,?,?,?,?,?,,,,Oral,,65
Narrow Spectrum,Endofluke,Bimeda,Triclabendazole,,,,?,?,,,,Oral,,56
Narrow Spectrum,Fasinex 5%,Elanco AH,Triclabendazole,,,,?,?,,,,Oral,,56
Narrow Spectrum,Flukiver,Elanco AH,Closantel,,,,?,?,,?,?,Oral,,42
